value,count,share
Moscow,11,0.3235294117647059
Saint Petersburg,3,0.08823529411764706
Almaty,3,0.08823529411764706
Minsk,3,0.08823529411764706
Kyiv,2,0.058823529411764705
